Reference, Value, Footprint, Datasheet, Seeed SKU, Mfr, Mfr Part #, Colour
SW1,RST,kicad-gcl:SW_PUSH_DTSM_62K,,311020004,DIPTRONICS,DTSM-62K-S-V-T/R(SN431),
J2,CONN_20X2,kicad-gcl:Socket_Strip_SMD_2x20_Pitch2mm,,,Yxcon,P220-1220A0XMXXXX2,
U1,REG_1.8V,kicad-gcl:SOT-23_Seeed,,310030016,Torex,XC6206P182MR,
C1,1uF,Capacitors_SMD:C_0603,,302010139,,,
C2,1uF,Capacitors_SMD:C_0603,,302010139,,,
P1,~,kicad-gcl:USB_MICRO_B_ST-USB-001E,http://www.seeedstudio.com/depot/images/opl/datasheet/3400150P1.pdf,320010015,SUNTECH,ST-USB-001E,
R9,22R,kicad-gcl:R_0603_Seeed,,301010289,,,
C6,39pF,Capacitors_SMD:C_0603,,302010126,,,
C5,39pF,Capacitors_SMD:C_0603,,302010126,,,
R10,22R,kicad-gcl:R_0603_Seeed,,301010289,,,
C4,100nF,Capacitors_SMD:C_0603,,302010138,,,
C3,1uF,Capacitors_SMD:C_0603,,302010139,,,
R7,220R,kicad-gcl:R_0603_Seeed,,301010163,YAGEO,RC0603JR-07220RL,
R8,220R,kicad-gcl:R_0603_Seeed,,301010163,,,
R11,10k,kicad-gcl:R_0603_Seeed,,301010299,,,
R4,220R,kicad-gcl:R_0603_Seeed,,301010163,YAGEO,RC0603JR-07220RL,
C7,100nF,Capacitors_SMD:C_0603,,302010138,,,
R3,220R,kicad-gcl:R_0603_Seeed,,301010163,YAGEO,RC0603JR-07220RL,
R1,390R,kicad-gcl:R_0603_Seeed,,301010297,YAGEO,RC0603JR-07390RL,
D2,+5V,kicad-gcl:LED-0603,,304090042,Everlight,19-217-R6C-AL1M2VY-3T,Red
R2,620R,kicad-gcl:R_0603_Seeed,,301010210,YAGEO,RC0603JR-07620RL,
R5,1k,kicad-gcl:R_0603_Seeed,,301010298,,,
Q1,S8050,kicad-gcl:SOT-23_Seeed,,305010017,CJ,S8050,
U2,FT230XS-R,kicad-gcl:SSOP-16_3.9x4.9mm_Pitch0.635mm_Seeed,,310070030,FTDI,FT230XS-R,
R6,10k,kicad-gcl:R_0603_Seeed,,301010299,,,
J1,CONN_02X03,kicad-gcl:Pin_Header_SMD_2x03_Pitch2mm,,,Yxcon,P220-1204A0XMXXXX2,
D1,USER,kicad-gcl:LED-0603,,304090045,Everlight,19-217-BHC-ZL1M2RY-3T,Blue
D4,TX,kicad-gcl:LED-0603,,304090044,Everlight,19-217-Y5C-AM1N1VY-3T,Yellow
D3,RX,kicad-gcl:LED-0603,,304090044,Everlight,19-217-Y5C-AM1N1VY-3T,Yellow
J3,CONN_01X02,Pin_Headers:Pin_Header_Straight_1x02,
